<?xml version="1.0" encoding="UTF-8"?>
<interface-style version="7.0">
  <id>402880956EFEC290016EFF6E7BDF6ECF</id>
  <interface-id>lumis.service.formbuilder.formDetails</interface-id>
  <name>Pasa HotsiteABC-Formulário</name>
  <file-path>style/lumis/service/formbuilder/formDetails/pasa-hotsiteabc-formulario.js</file-path>
  <isolation-level>SHARED</isolation-level>
  <allowed-consumers>
    <service-instance-id>402880956EFEC290016EFF6BD6646C4F</service-instance-id>
  </allowed-consumers>
</interface-style>