<?xml version="1.0" encoding="UTF-8"?>
<channel version="7.0">
  <id>402880956EFEC290016EFF50C7374199</id>
  <parent-id>00000000F00000000000000000000001</parent-id>
  <name>Pasa HotsiteABC</name>
  <default-page-template-id>402880956EFEC290016EFF50CA394630</default-page-template-id>
  <inherit-page-template>false</inherit-page-template>
  <inherit-stylesheet>false</inherit-stylesheet>
  <local-group-prefix>pasa-hotsiteabc</local-group-prefix>
  <themes>
    <theme>br.com.pasa.hotsiteabc.theme.pasa-hotsiteabc</theme>
  </themes>
</channel>