<?xml version="1.0" encoding="UTF-8"?>
<page version="7.0">
  <id>402880956EFEC290016EFF50CA1F4601</id>
  <name>Página Inicial</name>
  <layout-type>LAYOUT_FILE</layout-type>
  <layout-file>index.html</layout-file>
  <layout><![CDATA[<layout><holder id="pageholder1"><interface id="402880956EFEC290016EFF56EBEA5A79"/></holder><holder id="pageholder2"><interface id="402880956EFEC290016EFF5E53B86086"/></holder><holder id="pageholder3"><interface id="402880956EFEC290016EFF827A317BD3"/><interface id="402880956EFEC290016EFF6BF1FF6C5E"/></holder></layout>]]></layout>
  <interface-instances>
    <interface-instance>
      <id>402880956EFEC290016EFF56EBEA5A79</id>
      <service-instance-id>402880956EFEC290016EFF569DE35A64</service-instance-id>
      <interface-id>lumis.service.htmlcontent.content</interface-id>
    </interface-instance>
    <interface-instance>
      <id>402880956EFEC290016EFF5E53B86086</id>
      <service-instance-id>402880956EFEC290016EFF5E12A2602C</service-instance-id>
      <interface-id>lumis.service.highlight.list</interface-id>
      <applied-interface-style-id>402880956EFEC290016EFF6028596194</applied-interface-style-id>
      <custom-properties>
        <custom-property name="default.doui_maxRows">3</custom-property>
      </custom-properties>
    </interface-instance>
    <interface-instance>
      <id>402880956EFEC290016EFF6BF1FF6C5E</id>
      <service-instance-id>402880956EFEC290016EFF6BD6646C4F</service-instance-id>
      <interface-id>lumis.service.formbuilder.formDetails</interface-id>
      <applied-interface-style-id>402880956EFEC290016EFF6E7BDF6ECF</applied-interface-style-id>
    </interface-instance>
    <interface-instance>
      <id>402880956EFEC290016EFF827A317BD3</id>
      <service-instance-id>402880956EFEC290016EFF7CBBE079B9</service-instance-id>
      <interface-id>br.com.pasa.hotsiteabc.service.pasaescritorios.quicklist</interface-id>
      <custom-properties>
        <custom-property name="default.doui_fields">&lt;fields&gt;&lt;field id=&quot;id&quot; display=&quot;false&quot; /&gt;&lt;field id=&quot;contentId&quot; display=&quot;false&quot; /&gt;&lt;field id=&quot;serviceInstanceId&quot; display=&quot;false&quot; /&gt;&lt;field id=&quot;versionActive&quot; display=&quot;false&quot; /&gt;&lt;field id=&quot;versionNumber&quot; display=&quot;false&quot; /&gt;&lt;field id=&quot;versionContentId&quot; display=&quot;false&quot; /&gt;&lt;field id=&quot;titulo&quot; display=&quot;true&quot; /&gt;&lt;field id=&quot;publishStartDate&quot; display=&quot;true&quot; /&gt;&lt;field id=&quot;introducao&quot; display=&quot;true&quot; /&gt;&lt;field id=&quot;detalhes&quot; display=&quot;true&quot; /&gt;&lt;field id=&quot;mapa&quot; display=&quot;true&quot; /&gt;&lt;field id=&quot;telefone&quot; display=&quot;true&quot; /&gt;&lt;field id=&quot;endereco&quot; display=&quot;true&quot; /&gt;&lt;/fields&gt;</custom-property>
      </custom-properties>
    </interface-instance>
  </interface-instances>
</page>