<?xml version="1.0" encoding="UTF-8"?>
<page version="7.0">
  <id>402880956EFEC290016EFF50CA394630</id>
  <name>Página Interna</name>
  <template>true</template>
  <layout-type>LAYOUT_FILE</layout-type>
  <layout-file>template.html</layout-file>
  <layout><![CDATA[<layout><holder id="pageholder1"><interface id="402880956EFEC290016EFF50CA45463D"/></holder></layout>]]></layout>
  <interface-instances>
    <interface-instance>
      <id>402880956EFEC290016EFF50CA45463D</id>
      <interface-id>lumis.service.portalmanagement.serviceinterfaceinstance.interfaceHolder</interface-id>
      <holder-priority>1</holder-priority>
    </interface-instance>
  </interface-instances>
</page>