<?xml version="1.0" encoding="UTF-8"?>
<service-instance version="7.0">
  <id>402880956EFEC290016EFF6BD6646C4F</id>
  <name>Contato</name>
  <description>Permite a construção de formulários.</description>
  <service-id>lumis.service.formbuilder</service-id>
  <workflow>lumis.standardworkflow</workflow>
  <workflow-permissions>
    <workflow-permission principal-id="00000000C00000000000000000000003">
      <role type="allow">author</role>
      <role type="allow">chiefEditor</role>
      <role type="allow">editor</role>
    </workflow-permission>
  </workflow-permissions>
</service-instance>