<?xml version="1.0" encoding="UTF-8"?>
<service-instance version="7.0">
  <id>402880956EFEC290016EFF7CBBE079B9</id>
  <name>Escritorios Pasa</name>
  <description></description>
  <service-id>br.com.pasa.hotsiteabc.service.pasaescritorios</service-id>
  <workflow>lumis.standardworkflow</workflow>
  <workflow-permissions>
    <workflow-permission principal-id="00000000C00000000000000000000003">
      <role type="allow">author</role>
      <role type="allow">chiefEditor</role>
      <role type="allow">editor</role>
    </workflow-permission>
  </workflow-permissions>
  <dependencies>
    <dependency type="document_repository">
      <service-instance-id>402880956EFEC290016EFF50C75041A1</service-instance-id>
    </dependency>
    <dependency type="media_repository">
      <service-instance-id>402880956EFEC290016EFF50C78A41AC</service-instance-id>
    </dependency>
  </dependencies>
</service-instance>