<?xml version="1.0" encoding="UTF-8" standalone="yes"?>
<!-- $Revision: 16445 $ $Date: 2014-09-18 18:21:12 -0300 (Thu, 18 Sep 2014) $ -->
<databaseDefinition xmlns:xsi="http://www.w3.org/2001/XMLSchema-instance" xsi:noNamespaceSchemaLocation="http://www.lumis.com.br/lumisportal/xsd/databasedefinition.xsd">
	
	<table name="ph_pasaescritorios">
		<fields>
			<field name="id" type="guid" isNotNull="true" />
			<field name="titulo" type="string" isNotNull="true" />
			<field name="introducao" type="text" />
			<field name="detalhes" type="text" isNotNull="true" />
			<field name="mapa" type="guid" />
			<field name="telefone" type="string" />
			<field name="endereco" type="text" />
		</fields>
		<constraints>
			<constraint name="ph_pasaescritorios_PK" type="primaryKey">
				<fields>
					<field name="id"/>
				</fields>
			</constraint>
		</constraints>
	</table>
	
</databaseDefinition>