<?xml version="1.0" encoding="UTF-8"?>
<!-- $Revision: 16176 $ $Date: 2014-03-11 23:09:21 -0300 (Tue, 11 Mar 2014) $ -->
<doui:douiDefinition xmlns:xsi="http://www.w3.org/2001/XMLSchema-instance" xmlns:doui="http://www.lumis.com.br/lumisportal/xsd/doui"  xmlns:control="http://www.lumis.com.br/douicontrols">
	<service>
		<sources>
			<source id="default" type="contentTable">
				<table>ph_pasaescritorios</table>
				<fields>
					<field id="id" name="id" dataType="guid" required="true" isPrimaryKey="true" display="false" />
					<field id="titulo" name="Título" dataType="string" required="true" isPrimaryName="true" isSearchable="true" />
					<field id="introducao" name="Introdução" dataType="text" isSearchable="true" isIntroduction="true" />
					<field id="detalhes" name="Detalhes" dataType="html" required="true" isSearchable="true" />
					<field id="mapa" name="mapa" dataType="media" />
					<field id="telefone" name="telefone" dataType="string" />
					<field id="endereco" name="endereço" dataType="text" />
				</fields>
				<metaData>
					<comments/>
					<publishToServiceInstances/>
					<publishStartDate/>
					<publishEndDate/>
					<versioning/>
					<workflow/>
					<seo/>
				</metaData>
				
			</source>
			
		</sources>
	</service>
	
</doui:douiDefinition>